timestamp,source,headline,text,score,comments,type,fear_greed_value,fear_greed_classification,sentiment,scraped_at
2025-04-12 01:29:15.000000,r/bitcoin,Bitcoin Newcomers FAQ - Please read!,"# Welcome to the /r/Bitcoin Newcomers FAQ

You've probably been hearing a lot about Bitcoin recently and are wondering what's the big deal?  Most of your questions should be answered by the resources below but if you have additional questions feel free to ask them in the comments.  

It all started with the release of **[Satoshi Nakamoto's whitepaper](https://bitcoin.org/bitcoin.pdf)** however that will probably go over the head of most readers so we recommend the following articles/books/videos as a good starting point for understanding how Bitcoin works and a little about its long term potential:

* [Article: The Bullish Case for Bitcoin](https://medium.com/@vijayboyapati/the-bullish-case-for-bitcoin-6ecc8bdecc1)
* [Book: The Bitcoin Standard](https://www.amazon.com/Bitcoin-Standard-Decentralized-Alternative-Central/dp/1119473861) - or [download a free copy here](http://cryptache.ro/wp-content/uploads/2021/04/The-Bitcoin-Standard-The-Decentralized-Alternative-to-Central-Banking-PDF-Room.pdf)
* [Video 1: An introduction to Bitcoin - Wences Casares](https://www.youtube.com/watch?v=IAFKJVLNVQA)
* [Video 2: The Stories We Tell About Money - Andreas Antonopoulos](https://www.youtube.com/watch?v=ONvg9SbauMg)
* [Video 3: The Bitcoin Standard - Saifdean Ammous](https://www.youtube.com/watch?v=Zbm772vF-5M&amp;t=286s) 
* [Video 4: Bitcoin 101 - Balaji Srinivasan](https://www.youtube.com/watch?v=JIxwTx7o_B4)

Some other great educational resources include;

* The [Satoshi Nakamoto Institute](http://nakamotoinstitute.org/mempool/) (check them out!)  
* Swan [Bitcoin Canon](https://www.swanbitcoin.com/canon/)
* Michael Saylor's [Hope.com](https://hope.com/) and [""Bitcoin for Everybody""'](https://learn.saylor.org/course/view.php?id=468) course
* Jameson Lopp's [resource page](http://lopp.net/bitcoin.html)
* Gigi's [resource page](https://bitcoin-resources.com/#bitcoin-non-technical)
* James D'Angelo's [Bitcoin 101 Blackboard series](https://www.youtube.com/watch?v=Bhe61JaNFLU&amp;list=PLzctEq7iZD-7-DgJM604zsndMapn9ff6q&amp;index=7&amp;t=0s)
* Parker Lewis's [Gradually Then Suddenly series](https://unchained.com/blog/category/gradually-then-suddenly/)
* Some Bitcoin statistics can be found here ([1](https://www.lookintobitcoin.com/), [2](https://data.bitcoinity.org/bitcoin/hashrate/6m?c=m&amp;g=15&amp;r=week&amp;t=a), [3](https://bitcoinvisuals.com/), [4](https://bitcoin.clarkmoody.com/dashboard/), [5](https://studio.glassnode.com/workbench/btc-price-performance-since-halving), [6](https://augmentedcoin.io/btc), [7](https://nakamotoportfolio.com/nakamoto/start)).
* A Reading List of [Advanced Bitcoin Books](https://new.reddit.com/r/Bitcoin/comments/1c5fjhn/advanced_bitcoin_reading_list_curriculum_in_order/)  

If you are technically or academically inclined check out;

* Developer resources ([1](https://developer.bitcoin.org/), [2](https://spiral.xyz/#projects)) 
* [Peer-reviewed research papers](https://docs.google.com/spreadsheets/d/1VaWhbAj7hWNdiE73P-W-wrl5a0WNgzjofmZXe0Rh5sg)
* Course lectures from both [MIT](https://ocw.mit.edu/courses/15-s12-blockchain-and-money-fall-2018/) and [Princeton](https://www.reddit.com/r/Bitcoin/comments/7qynvj/dont_panic_just_learn_sixty_free_lectures_from/) 
*  Future [protocol improvements](http://diyhpl.us/wiki/transcripts/2018-01-24-rusty-russell-future-bitcoin-tech-directions/) and [scaling resources](https://www.reddit.com/r/Bitcoin/comments/56nnd8/the_scaling_bitcoin_website_is_awesome_videos/).  

MicroStrategy's [Bitcoin for Corporations](https://www.microstrategy.com/en/resources/events/world-2021/bitcoin-summit?CID=7014W0000014yhJQAQ) is an excellent open source series on corporate legal and financial Bitcoin integration.

You can also see the number of times Bitcoin was [declared dead by the media](https://99bitcoins.com/obituary-stats) (LOL!)

## Key properties of Bitcoin

* **Limited Supply** - There will only ever be a [maximum of 21,000,000 bitcoins created](https://www.reddit.com/r/Bitcoin/comments/10h04a6/this_is_how_we_know_theres_only_21_million_bitcoin/) and they are issued in a predictable fashion per the [inflation schedule](https://bashco.github.io/Bitcoin_Monetary_Inflation/).  Once they are all issued Bitcoin will be truly deflationary.  The [halving countdown](http://bitcoinblockhalf.com/) tells you approximately how much time until the next block reward halving.
* **Open source** - Bitcoin code is fully auditable.  You can read and contribute to the [source code](https://github.com/bitcoin/bitcoin) yourself.
* **Accountable** - The public ledger is transparent, all transactions are [seen by everyone](https://blockstream.info/).
* **Decentralized** - Bitcoin is globally distributed across thousands of nodes with no single point of failure and as such can't be shut down similar to how [Bittorrent](https://en.wikipedia.org/wiki/BitTorrent) works.  You can even [run a node on a Raspberry Pi](https://getumbrel.com/).  
* **Censorship resistant** - No one can prevent you from interacting with the Bitcoin network and no one can censor, alter or block transactions that they disagree with, see [Operation Chokepoint](https://en.wikipedia.org/wiki/Operation_Choke_Point).
* **Push system** - There are [no chargebacks](https://gendal.me/2013/10/21/lessons-from-bitcoin-push-versus-pull/) in Bitcoin because only the person who owns the address where the bitcoin resides has the authority to move them.
* **Borderless** - No country can stop it from going in/out, even in areas currently unserved by traditional banking as the ledger is [globally distributed](https://bitnodes.io/nodes/live-map/).
* **Trustless** - Bitcoin solved the [Byzantine's Generals Problem](https://en.wikipedia.org/wiki/Byzantine_fault_tolerance) which means nobody needs to trust anybody for it to work.
* **Pseudonymous** - No need to [expose personal information](https://buybitcoinworldwide.com/anonymity/) when purchasing with cash or transacting. 
* **Secure** - Blocks and transactions are cryptographically secured (using hashes and signatures) and can‚Äôt be [brute forced](http://i.imgur.com/fYFBsqp.jpg) or confiscated with proper key management such as hardware wallets.
* **Programmable** - Individual units of bitcoin can be [programmed to transfer](https://en.bitcoin.it/wiki/Script) based on certain criteria being met
* **Divisible** - Each bitcoin can be [divided down to 8 decimals](https://en.bitcoin.it/wiki/Satoshi_(unit\)), which means you don't have to worry about buying an entire bitcoin. 
* **Nearly instant** - From a few seconds on the Lightning Network to a [few minutes](https://www.blockchain.com/charts/median-confirmation-time) on-chain depending on need for confirmations.  Transactions are irreversible by normal users after one confirmation and irreversible by anyone (including miners) after 6 confirmations. 
* **Peer-to-peer** - No intermediaries taking a cut, no need for [trusted third parties](https://nakamotoinstitute.org/trusted-third-parties/).
* **Designed Money** - Bitcoin was created to fit all the [fundamental properties of money](https://imgur.com/a/5w3l2A6) better than gold or fiat.
* **Portable** - Bitcoin are digital so they are easier to move than cash or gold.  They can be transported by simply carrying a seed (a string of 12 to 24 words) on a device or by [memorizing it for wallet recovery](https://en.bitcoin.it/wiki/Brainwallet) (while cool, memorizing is generally not recommended due to potential for forgetting the seed and the potential for insecure key generation by inexperienced users.  Hardware wallets are the preferred method for most users for their ease of use and additional security).
* **Low fee scaling** - Most wallets calculate on chain fees automatically but you can view [fee estimates](https://river.com/learn/how-bitcoin-fees-work/) and [mempool activity](https://jochen-hoenicke.de/queue/#0,2w) if you want to set your fee manually.  On chain fees may rise occasionally due to network demand, however instant micropayments that do not require confirmations are happening via the [Lightning Network](https://lightning.network/), an open source second layer payment protocol built on top of the Bitcoin blockchain. The Lightning Network enables Bitcoin users to instantly send and receive bitcoin with fees so low that they are negligible.
* **Scalable** - While the protocol is still being optimized for [increased transaction capacity](https://en.bitcoin.it/wiki/Scalability), blockchains do not scale very well, so most transaction volume is expected to occur on Layer 2 networks built on top of Bitcoin.

## Where can I buy bitcoin?

[Bitcoin.org](https://bitcoin.org/en/buy) and [BuyBitcoinWorldwide.com](https://www.buybitcoinworldwide.com/) are helpful sites for beginners.  You can buy or sell any amount of bitcoin (even just a few dollars worth) and there are several easy methods to purchase bitcoin with cash, credit card or bank transfer.  Some of the more popular places to buy bitcoin are listed below.

* [Strike](https://strike.me/)
* [Cash App](https://cash.app/)
* [Swan](https://www.swanbitcoin.com/)
* [River Financial](https://river.com/)
* [Bull Bitcoin](https://www.bullbitcoin.com/) 
* [Bitcoin Well](https://bitcoinwell.com/) 
* [Relai](https://relai.app/)
* [LibertyX](https://libertyx.com/)
* [CoinCorner](https://www.coincorner.com/)
* [Bisq](https://bisq.network/) (decentralized &amp; P2P)
* [HodlHodl](https://hodlhodl.com/?filters%5Bcurrency_code%5D=USD) (P2P)
* [List of peer-to-peer exchanges](https://github.com/cointastical/P2P-Trading-Exchanges/)
* [Debifi](https://debifi.com/) (non-custodial lending)

You can also purchase in cash with [local ATMs](http://coinatmradar.com/). If you would like your paycheck automatically converted to bitcoin try [Bitwage](https://www.bitwage.com/).  

**Note:** Bitcoin are valued at whatever [market price](https://aggr.trade/1m1h) people are willing to pay for them in balancing act of supply vs demand. Unlike traditional markets, bitcoin markets operate 24 hours per day, 365 days per year. 

## Securing your bitcoin

With Bitcoin you can **""Be your own bank""** and personally secure your bitcoin **OR** you can use third party companies aka **""Bitcoin banks""** which will hold your bitcoin for you.

* If you prefer to **""Be your own bank""** and have direct control over your coins without having to use a trusted third party, then you will need to create your own wallet and keep it secure. If you want easy and secure storage without having to learn best computer security practices, then a hardware wallet such as a [BitBox02](https://bitbox.swiss/bitbox02/),  [Trezor](https://www.trezor.io/), [ColdCard](https://coldcardwallet.com/), or [Blockstream Jade](https://blockstream.com/jade/) is recommended. You can even build your own open source hardware wallets called a [SeedSigner](https://seedsigner.com/) or [Krux](https://selfcustody.github.io/krux/).

* If you cannot afford a hardware wallet there are many [software wallet](https://bitcoin.org/en/choose-your-wallet) options to choose from depending on your use case.  Mobile wallets like [BlueWallet](https://bluewallet.io/) are generally more secure than desktop wallets.  Beware of fake mobile wallets and check reviews from reputable Bitcoin websites.  Avoid paper wallets or brain wallets.

* If you prefer to work with third party **""Bitcoin banks""** to set up a collaborative custody arrangement, try [Unchained Capital](https://unchained-capital.com/) but be aware that any third party you use exposes you to third party risk.  There is a saying in the community, **""Not your keys, not your coins""**. 

**Note: For increased security, use Two Factor Authentication (2FA) everywhere it is offered, including email!** 

2FA requires a second confirmation code or a physical security key to access your account making it much harder for thieves to gain access.  Google Authenticator and Authy are the two most popular 2FA services, download links are below.  Make sure you create backups of your 2FA codes.

**Avoid using your cell number for 2FA.**  Hackers have been using a technique called ""SIM swapping"" to impersonate users and steal bitcoin off exchanges.

Google Auth | Authy | OTP Auth 
--------------|--------|------------
[Android](https://play.google.com/store/apps/details?id=com.google.android.apps.authenticator2) | [Android](https://play.google.com/store/apps/details?id=com.authy.authy&amp;hl=en) | N/A 
[iOS](https://itunes.apple.com/us/app/google-authenticator/id388497605?mt=8) | [iOS](https://itunes.apple.com/us/app/authy/id494168017) | [iOS](https://apps.apple.com/us/app/otp-auth/id659877384) | 

Physical security keys (FIDO U2F) offer stronger security than Google Auth / Authy and other TOTP-based apps, because the secret code never leaves the device and it uses bi-directional authentication so it prevents phishing. If you lose the device though, you could lose access to your account, so always use 2 or more security keys with a given account so you have backups. See [Yubikey](https://yubikey.com/) or [Titan](https://cloud.google.com/titan-security-key) to purchase security keys.

## Running Bitcoin

You can run [Bitcoin node](https://bitcoin.stackexchange.com/questions/18736/what-is-a-bitcoin-node) software by downloading and installing [Bitcoin Core](https://bitcoincore.org) or other node software you have vetted. 

It is a best practice to verify these Bitcoin node programs you download by [checking their hashes and signatures](https://youtu.be/U0I-ImS_r8o?si=qa_gRyGPuRZq5acM). 

Don't Trust, Verify.

* https://github.com/bitcoin/bitcoin/releases
* https://bitcoincore.org
* https://bitcoin.org/en/bitcoin-core/

A verified Bitcoin node running on your own hardware is your sovereign gateway to the Bitcoin network. They can be used alongside open source software [wallets](https://en.bitcoin.it/wiki/Wallet) to send and receive Bitcoin securely. By running your own Bitcoin node, you enforce the Bitcoin ruleset, can verify transactions without trusted 3rd party middlemen, improve your Bitcoin privacy, obtain independence with local access to blockchain data, and help bolster the robustness of the Bitcoin network. By running a Bitcoin node, you are verifying that Bitcoin is Bitcoin for yourself. For more details on running a Bitcoin node see [this article](https://unchained.com/blog/why-run-bitcoin-node/). 

For wallets used alongside your Bitcoin node: If your Bitcoin wallet software is fully [open source](https://bitcoin.stackexchange.com/questions/80111/is-bitcoin-completely-open-source/80115#80115) and Bitcoin-only, then it is probably a decent wallet. Some popular examples include [sparrow wallet](https://sparrowwallet.com/) and [electrum wallet](https://electrum.org/), both of which you can connect to your own locally run Bitcoin node, and use with most Bitcoin Hardware Wallets.

## Watch out for scams

As mentioned above, Bitcoin is decentralized, which by definition means there is no official website or Twitter handle or spokesperson or CEO. However, all money attracts thieves. This combination unfortunately results in scammers running official sounding names or pretending to be an authority on YouTube or social media. Many scammers throughout the years have claimed to be the inventor of Bitcoin. Websites like bitcoin(dot)com and the r / btc subreddit are active scams.  Almost all altcoins are marketed heavily with big promises but are really just designed to separate you from your bitcoin.  So be careful: any resource, including all linked in this document, may in the future turn evil.  As they say in our community, **""Don't trust, verify""**. 

* Avoid using ad-based search engines like Google or Yahoo: ads are shown based on how much the advertiser bids, and scammers can easily outbid legitimate providers for ad space, since immoral ways of earning money are far more lucrative than moral ways.  Use [DuckDuckGo](https://duckduckgo.com/) instead, which has no ads, and never tracks you as well.
* Ignore private messages offering services.
* **Never enter your seed words in a website of any kind.** Hardware wallets will recover by displaying possible seed words on their own interface, never on a website.
* **Always check addresses on your hardware wallet before sending or receiving.**  Some malware has been known to replace addresses in your web browser or that you copy-and-paste.
* Avoid clicking on links like that look like links, such as [https://www.google.com/](https://www.youtube.com/watch?v=8ybW48rKBME), without first hovering over it and actually checking where they go to.  Just because a link is labelled with an HTTPS address does not mean it actually sends you to that address.  It is trivial for someone to comment a link on Reddit that looks like it will send you to one website when it actually sends you to another, and you might not notice the difference until a scammer has gotten all your money, or you have downloaded and installed software that steals your money.

## Common Bitcoin Myths
Often the same concerns arise about Bitcoin from newcomers.  Questions such as:

* Will quantum computers break Bitcoin?
* Will governments ban Bitcoin?
* Is Bitcoin a Ponzi scheme?

All of these questions have been answered many times by a variety of people.  Here are some resources where you can see if your concern has been answered:

* [Common Bitcoin Myths](https://en.bitcoin.it/wiki/Myths)
* [Gradually, Then Suddenly](https://nakamotoinstitute.org/mempool/series/gradually-then-suddenly/)
* [Every Reason Bitcoin Will Not Fail](https://safehodl.github.io/failure/)
* [The Best Articles Debunking Bitcoin FUD](https://endthefud.org/)
* [Why Bitcoin is Not a Ponzi Scheme: Point by Point](https://www.swanbitcoin.com/why-bitcoin-is-not-a-ponzi-scheme-point-by-point/)

## Where can I spend bitcoin?

Check out [Spendabit](https://spendabit.co/), [Bitcoin Directory](http://bitcoin.directory/shop), or [Coinmap](http://coinmap.org/) for a plethora of merchant options. You can also spend bitcoin anywhere Visa is accepted with bitcoin debit cards such as the [CashApp card](https://cash.app/help/us/en-us/3080-cash-card-get-started), [Fold card](https://foldapp.com/) or other bitcoin debit cards.  Some other useful site are listed below.

Store | Product
---|---
[Bitrefill](https://bitrefill.com), [Gyft](http://www.gyft.com/), and [Fold App](https://foldapp.com/)  | Gift cards for thousands of retailers worldwide including Amazon, Target, Walmart, Starbucks, Whole Foods, CVS, Lowes, Home Depot, iTunes, Best Buy, Sears, Kohls, eBay, GameStop, etc.
[Spendabit](https://spendabit.co/), [Overstock](http://www.overstock.com/), and [The Bitcoin Directory](http://bitcoin.directory/) | Retail shopping with millions of results
[NewEgg](http://www.newegg.com/) and [Dell](http://www.dell.com/) | For all your electronics needs
[Bitrefill](https://www.bitrefill.com/buy/worldwide/bill/), [Bylls](https://bylls.com), [LivingRoomofSatoshi](https://www.livingroomofsatoshi.com), [Swapin](https://www.swapin.com/) and [Coins.ph](https://coins.ph) | Bill payment
[Menufy](https://www.menufy.com/) and [Takeaway](http://corporate.takeaway.com/) | Takeout delivered to your door
[Expedia](http://www.expedia.com/), [Cheapair](http://www.cheapair.com/), [Destinia](http://destinia.us/), [SkyTours](http://www.sky-tours.com/), the [Travel](https://www.gyft.com/buy-gift-cards/category/travel/) category on Gyft and [9flats](http://www.9flats.com/) | For when you need to get away
[Cryptostorm](https://cryptostorm.is), [Mullvad](https://mullvad.net), and [PIA](https://www.privateinternetaccess.com/) | VPN services
[Namecheap](https://www.namecheap.com/), [Porkbun](https://porkbun.com/) | Domain name registration
[Stampnik](https://stampnik.com) | Discounted USPS Priority, Express, First-Class mail postage

There are also [lots of charities](https://www.reddit.com/r/changetip/wiki/suggestions) which accept bitcoin donations.

## Merchant Resources

There are several benefits to accepting bitcoin as a payment option if you are a merchant;

* 1-3% savings over credit cards or PayPal.
* No chargebacks (final settlement in 10 minutes as opposed to 3+ months).
* Accept business from a global customer base.
* Convert 100% of the sale to the currency of your choice for deposit to your account, or choose to keep a percentage of the sale in bitcoin if you wish to begin accumulating it.  

If you are interested in accepting bitcoin as a payment method, there are several options available;

* [BTCPay Server](https://btcpayserver.org/)
* [Zaprite](https://zaprite.com/product)
* [Square cash](https://cash.me/)
* [Stripe](https://stripe.com/bitcoin)
* [Blockonomics](https://www.blockonomics.co/merchants#) (direct to your wallet)
* [CoinCorner Checkout](https://www.coincorner.com/checkout)

## Can I mine bitcoin?

Mining bitcoin can be a fun learning experience, but be aware that you will most likely operate at a loss.  Newcomers are often advised to stay away from mining unless they are only interested in it as a hobby similar to [folding at home](https://foldingathome.org/?lng=en).  If you want to learn more about mining you can read the [mining FAQ](https://en.bitcoin.it/wiki/Faq#Mining). Still have mining questions?  The crew at /r/BitcoinMining would be happy to help you out. 

If you want to contribute to the Bitcoin network by hosting the blockchain and propagating transactions there are many [great resources](https://raspibolt.org/) you can use to [run a full node](https://river.com/learn/how-to-run-a-bitcoin-node/).  You can view the global distribution of reachable Bitcoin nodes on [this webpage.](https://bitnodes.io/nodes/live-map/)

## Earning bitcoin

Just like any other form of money, you can also earn bitcoin by being paid to do a job.

Site | Description
---|---
[WorkingForBitcoins](https://workingforbitcoins.com), [Bitwage](https://www.bitwage.com/for-individuals/), [Coinality](https://coinality.com/), [Bitgigs](http://bitgigs.com/), [/r/Jobs4Bitcoins](http://www.reddit.com/r/Jobs4Bitcoins) | Freelancing
[Lolli](https://www.lolli.com/) | Earn bitcoin when you shop online!

You can also earn bitcoin by participating as a market maker on [JoinMarket](https://github.com/chris-belcher/joinmarket) by allowing users to perform CoinJoin transactions with your bitcoin for a small fee (requires you to already have some bitcoin).

## Bitcoin-Related Projects

The following is a **short** list of ongoing projects that might be worth taking a look at if you are interested in current development in the Bitcoin space.  

Project | Description
---|---
[Lightning Network](https://lightning.engineering/index.html)| Second layer scaling
[Liquid](https://blockstream.com/liquid/) and [Rootstock](https://www.rsk.co/) | Sidechains
[Hivemind](http://bitcoinhivemind.com) | Prediction markets
[DropZone](https://github.com/17Q4MX2hmktmpuUKHFuoRmS5MfB5XPbhod/dropzone) and [Beaver](https://eprint.iacr.org/2016/464.pdf) | Decentralized markets
[JoinMarket](https://github.com/chris-belcher/joinmarket), [JAM app](https://www.youtube.com/watch?v=FbyjG2upGO8) and [Wasabi](https://docs.wasabiwallet.io/) | CoinJoin implementation
[Peer-to-Peer Exchanges](https://github.com/cointastical/P2P-Trading-Exchanges/) | Peer-to-peer exchanges
[Keybase](https://keybase.io/) | Identity &amp; Reputation management
[Abra](https://www.goabra.com/) | Global P2P money transmitter network
[Bitcore](http://bitcore.io/) | Open source Bitcoin javascript library
[Bitcoin Knots](https://bitcoinknots.org/) | A Bitcoin Node (Within Consensus Fork of Bitcoin Core)

## Bitcoin Units

One bitcoin is worth quite a lot (thousands of ¬£/$/‚Ç¨), so people often deal in smaller units. The most common subunits are listed below:

Unit | Symbol | Value | Info
---|:---:|---|---
bitcoin | BTC | 1 bitcoin | one bitcoin is equal to 100 million satoshis
millibitcoin | mBTC | 1,000 per bitcoin | used as default unit in Electrum wallet
bit | ŒºBTC | 1,000,000 per bitcoin | colloquial ""slang"" term for microbitcoin
satoshi | sat | 100,000,000 per bitcoin | smallest unit in bitcoin, named after the inventor

For example, assuming an arbitrary exchange rate of $10,000 for one bitcoin, a $10 meal would equal:

* 0.001 BTC
* 1 mBTC
* 1,000 bits
* 100,000 sats

For more information check out the [bitcoin units wiki](https://www.reddit.com/r/BitcoinWiki/wiki/bitcoin_units).

---

**Still have questions?**  Feel free to ask in the comments below or stick around for our weekly [Mentor Monday](https://www.reddit.com/r/Bitcoin/search/?q=title%3A%22mentor+monday%22&amp;sort=new&amp;restrict_sr=on&amp;t=all) thread. If you decide to post a question in /r/Bitcoin, please use the search bar to see if it has been answered before, and remember to follow the community rules outlined on the sidebar to receive a better response.  The mods are busy helping manage our community, so please do not message them unless you notice problems with the functionality of the subreddit.

**Note:** This is a community created FAQ. If you notice anything missing from the FAQ or that requires clarification, you can [edit it here](https://www.reddit.com/r/BitcoinWiki/wiki/rbitcoin_sticky) and it will be included in the next revision pending approval.  

**Welcome to the Bitcoin community and the new decentralized economy!**

Please note that this thread will be moderated and non-constructive comments will be removed.",120.0,27.0,reddit,,,1,2025-08-14 11:48:40.343145
2025-08-14 11:34:53.000000,r/bitcoin,"Daily Discussion, August 14, 2025","Please utilize this sticky thread for all general **Bitcoin** discussions! If you see posts on the front page or /r/Bitcoin/new which are better suited for this daily discussion thread, please help out by directing the OP to this thread instead. Thank you!

If you don't get an answer to your question, you can try phrasing it differently or commenting again tomorrow.

Please check the [previous discussion thread](https://www.reddit.com/r/Bitcoin/comments/1mowk1r/daily_discussion_august_13_2025/) for unanswered questions.",3.0,1.0,reddit,,,0,2025-08-14 11:48:40.343145
2025-08-14 04:13:07.000000,r/bitcoin,What‚Äôs bitcoin doing!?üëÄ,,1659.0,468.0,reddit,,,0,2025-08-14 11:48:40.343145
2025-08-14 04:32:03.000000,r/bitcoin,Bitcoin #5 top assets in the world!üò±,,772.0,67.0,reddit,,,0,2025-08-14 11:48:40.343145
2025-08-14 06:01:59.000000,r/bitcoin,I just bought bitcoin at all-time highs,"bitcoin to 1 milly please, thank you üôè


One thing that sucks is I thought I'd be able to send btc from webull pay to my trezor, but they dont have a send/receive button unfortunately",312.0,74.0,reddit,,,1,2025-08-14 11:48:40.343145
2025-08-14 04:44:53.000000,r/bitcoin,NEW ATH. Congratulations! HODL!,,378.0,11.0,reddit,,,1,2025-08-14 11:48:40.343145
2025-08-14 08:15:01.000000,r/bitcoin,üî• NOW: Bitcoin surpasses Google in market capüî•,making it the 5th largest asset in the world,83.0,8.0,reddit,,,0,2025-08-14 11:48:40.343145
2025-08-14 06:44:40.000000,r/bitcoin,New Bitcoin All Time High of $170000 CAD as it Surpasses 124K USD Today,,52.0,10.0,reddit,,,1,2025-08-14 11:48:40.343145
2025-08-13 22:23:04.000000,r/bitcoin,"Boomers can pay 20 times more than current value to get some of my bitcoin, and thats only if I would need some fiat to pay for shit.",,246.0,32.0,reddit,,,0,2025-08-14 11:48:40.343145
2025-08-14 04:28:21.000000,r/bitcoin,BTC CEO refuses to drop prices,,77.0,4.0,reddit,,,-1,2025-08-14 11:48:40.343145
2025-08-14 05:31:06.000000,r/cryptocurrency,"Daily Crypto Discussion - August 14, 2025 (GMT+0)","**Welcome to the Daily Crypto Discussion thread. Please read the disclaimer and rules before participating.**

¬†

# Disclaimer:

Consider all information posted here with several liberal heaps of salt, and always cross check any information you may read on this thread with known sources. Any trade information posted in this open thread may be highly misleading, and could be an attempt to manipulate new readers by known ""pump and dump (PnD) groups"" for their own profit. BEWARE of such practices and exercise utmost caution before acting on any trade tip mentioned here.

**Please be careful about what information you share and the actions you take.** Do not share the amounts of your portfolios (why not just share percentage?). Do not share your private keys or wallet seed. Use strong, non-SMS 2FA if possible. Beware of scammers and be smart. Do not invest more than you can afford to lose, and do not fall for pyramid schemes, promises of unrealistic returns (get-rich-quick schemes), and other common scams.

¬†

# Rules:

* All [sub rules](https://www.reddit.com/r/CryptoCurrency/about/rules/) apply in this thread. The prior exemption for karma and age requirements is no longer in effect.
* Discussion topics must be related to cryptocurrency.
* Behave with civility and politeness. Do not use offensive, racist or homophobic language.
* Comments will be sorted by newest first.

¬†

# Useful Links:

* [**Beginner Resources**](https://www.reddit.com/r/CryptoCurrency/wiki/beginner_resources)
* [**Intro to** **r/Cryptocurrency** **MOONs üåî**](https://www.reddit.com/r/CryptoCurrency/comments/gj96lb/introducing_rcryptocurrency_moons/)
* [**MOONs Wiki Page**](https://www.reddit.com/r/CryptoCurrency/wiki/moons_wiki/)
* [**r/CryptoCurrency** **Discord**](https://discord.gg/ZuU9Gqeqmy)
* [**r/CryptoCurrencyMemes**](https://www.reddit.com/r/cryptocurrencymemes)
* [**Prior Daily Discussions**](https://www.reddit.com/r/CryptoCurrency/search?q=title%3A%22Daily+Crypto+Discussion+-+%22+&amp;restrict_sr=on&amp;sort=new&amp;t=all) \- (Link fixed.)
* [**r/CryptoCurrencyMeta**](https://www.reddit.com/r/CryptoCurrencyMeta/) \- Join in on all meta discussions regarding r/CryptoCurrency whether it be moon distributions or governance.

¬†

# Finding Other Discussion Threads

Follow a mod account below to be notified in your home feed when the latest r/CC discussion thread of your interest is posted.

* u/CryptoDaily- ‚Äî Posts the Daily Crypto Discussion threads.
* u/CryptoSkeptics ‚Äî Posts the Monthly Skeptics Discussion threads.
* u/CryptoOptimists- ‚Äî Posts the Monthly Optimists Discussion threads.
* u/CryptoNewsUpdates ‚Äî Posts the Monthly News Summary threads.",21.0,297.0,reddit,,,1,2025-08-14 11:48:40.343145
2025-07-23 22:10:52.000000,r/cryptocurrency,The Road to Mainnet is Heating up With Portal to Bitcoin - AMA questions answered on July 29,This post contains content not supported on old Reddit. [Click here to view the full post](https://sh.reddit.com/r/CryptoCurrency/comments/1m7e88n),64.0,86.0,reddit,,,0,2025-08-14 11:48:40.343145
2025-08-14 07:11:08.000000,r/cryptocurrency,"Bitcoin Prices Reach Fresh, All-Time High Above $124,000",,197.0,17.0,reddit,,,1,2025-08-14 11:48:40.343145
2025-08-14 07:35:34.000000,r/cryptocurrency,Have you gotten richer in this crypto cycle?,"Today I went to read some crypto news and saw these headlines:

Bitcoin Tops $122K,  
Filecoin Gains 4%, Showing Strong Bullish Momentum,  
Crypto Platform Bullish Shares Debut Above $100, More Than Doubling IPO Price,  
NEAR Rallies on Institutional Inflows,  
BONK Jumps 10% to $0.000027,  
BNB Nears Record High as Corporate Buyers Spur 4% Rally,  
XRP Peaks at $3.33 on Double-Average Volume Before Quick Reversal,  
DOGE Jumps 7% as Bull Flag Breakout Signals Run Toward 30-Cents,

It feels like everyone around has gotten rich, but looking at my own portfolio I hardly see any changes. It is still in the red. How are things going for you? I want to see the real picture of what‚Äôs happening.",60.0,90.0,reddit,,,1,2025-08-14 11:48:40.343145
2025-08-13 22:53:10.000000,r/cryptocurrency,In my defense ETH is still down 50% against Bitcoin in relationship to it's 2021 ATH.,,240.0,65.0,reddit,,,0,2025-08-14 11:48:40.343145
2025-08-14 07:39:30.000000,r/cryptocurrency,Bitcoin hits record high as traders expect liquidations to propel BTC above $125K,,34.0,9.0,reddit,,,1,2025-08-14 11:48:40.343145
2025-08-13 20:56:52.000000,r/cryptocurrency,The crypto bull market hasn't even gone full parabolic yet. Here's what could help fuel a major melt-up:,"Previous bull markets have all gone parabolic. Because they recovered from a crash into oblivion. It's the nature of a volatile market.

If you get oversold price action that crashes into oblivion, then when the market recovers and is well gain, you can get insane over-buying as a natural reaction. Kind of like ""for every action, there is an opposite reaction"".

Then the insane melt-up crashes back down. Rinse and repeat.

# What "" parabolic"" price action?

Every cycle has had its final months go into a FOMO run, then a mania melt-up into parabolic price action.

https://preview.redd.it/yu5hqfzersif1.jpg?width=833&amp;format=pjpg&amp;auto=webp&amp;s=2d1e534942b325251963ae3743871e4a9ac49b4a

# Where are we so far?

It's hard to say yet. We could be somewhere in between these two sides of the spectrum:

1- We could be on the very flatline before a major parabolic melt-up that will dwarf all this year's price action.

2- Or this could be a milder melt-up like 2021, and we could be already more than halfway into a milder parabolic run.

https://preview.redd.it/svds08t8ssif1.jpg?width=830&amp;format=pjpg&amp;auto=webp&amp;s=334bd7ba1758ca8503485ca4673887438249cac3

# What perfect storm of events could help fuel a melt-up?

**-Fear desensitization: heavy market fear for over a year, but with no consequences as the price still gets new ATHs:**

First off, it always helps when the market has already had most of its major fear out of the way.

And it might even have been increasingly desensitized from fear.

The market has already gone through months in recent years of fears of threats of nuclear war, major recession, tariff wars, Covid variants, economic trouble all around the world, along with monthly crypto FUD we had for over a year, from the crypto banking collapse to the recent XMR fear of a 51% attack. It's been one after another.

There's been an overload of fear, now mostly blown over, that will make it difficult to out-do.

It might even turn into a boy who cried wolf situation, even if there is legitimate fear coming up.

Especially now that people see that despite all the fear we had, it didn't stop Bitcoin from going past $120K.

**-M1 M2 money supply** has been climbing more sharply, and is forecast to continue this trend. While Bitcoin has been falling behind. This is probably the trend that the crypto market has loved following the most, historically.

https://preview.redd.it/qgwqv4nrusif1.jpg?width=1166&amp;format=pjpg&amp;auto=webp&amp;s=04d22d419f5044fbbaff9ecb8f964be1a03b7f42

**-Fed rate cuts.**

Fed cuts haven't even started yet. It's unlikely we have even seen the biggest gains yet without any cuts started.

**- Crypto ETFs, 401Ks, sovereign funds, coporate funds, etc...**

There's more and more of these big funds loading up on crypto. And some have only just started. It's starting to also look like they might be moving into alts also.

**-Continuously pro-crypto US government, along with other nations warming up to crypto.**

The US government has continued its pro-crypto policies, as seen with its most recent bills to help the crypto space. But if you look around the world, it's not the only government that's increasingly more pro-crypto. One interesting area are the Gulf States, which haven't been talked about much, but seem to be increasingly pro-crypto, and are rumored to be working on their own crypto sovereign funds.

**-FUD and negative narratives are fading from mainstream media, and getting increasingly replaced by hype.**

There is still the occasional FUD story, but if you look at when mainstream media has talked about crypto these past months, it's decreasingly less about ""scam"" and ""criminal money"" narratives, and increasingly more about ""big gains"", ""bull market"", ""technology"", ""pro-crypto policies"".",228.0,68.0,reddit,,,-1,2025-08-14 11:48:40.343145
2025-08-14 00:11:43.000000,r/cryptocurrency,"Bitcoin Touches $122,00 As Total Crypto Market Cap Nears $4.2 Trillion",,114.0,12.0,reddit,,,0,2025-08-14 11:48:40.343145
2025-08-13 19:42:24.000000,r/cryptocurrency,BTC hits another new ath 122k plus now,"btc not stopping, oh it stops, ok eth no stopping., oh it stops, oh btc upping now,",266.0,55.0,reddit,,,1,2025-08-14 11:48:40.343145
2025-08-14 07:31:52.000000,r/cryptocurrency,I had to wait 3 years to profit after my first big investment in crypto in 2021,"In 2021, I had just completed my degree and sold my small business. I split my savings evenly between cryptocurrency and index funds. A year later, I sold the index funds to free up cash. I had bought crypto at its peak and watched it plunge, losing 68% of my total investment in the first year. It was tough, but I held on. 

Between November 2021 and November 2022, my crypto portfolio took a huge hit. On average, I lost about 68% of my investments. Some coins, like Enjin, Dot, and COMP, lost more than three-quarters of their value. The best ""performer"" was XRP, but even that dropped by almost half.

It was a brutal year, but looking back, it shows just how quickly the market can change and how a portfolio can be reshaped without you buying or selling a thing.",29.0,14.0,reddit,,,1,2025-08-14 11:48:40.343145
2025-08-14 08:58:39.000000,r/cryptocurrency,"Trump Jr.-tied firm raises $50M for crypto, mining as Bitcoin peaks",,18.0,1.0,reddit,,,0,2025-08-14 11:48:40.343145
2025-08-14 06:45:35.000000,r/cryptocurrency,"New Ethereum ATH, here we come!","The last all time high for Ethereum was November 2021 with a price of \~$4,867! Currently we are teetering around $4,750 with a short-term resistance at the previous ATH.

Current price at time of post is $4,716

24-hour change is +9.75%

Market Cap is $567.7 BILLION

Trading volume is $67.7 BILLION

Circulating Supply is 120.7 MILLION ETHER

There are many key factors driving the price action such as institutional purchases of Ethereum as retail is starting to sell.

https://preview.redd.it/kgkmm3viyvif1.png?width=576&amp;format=png&amp;auto=webp&amp;s=38891255d919b0a53e9fc7028f7234145fcaa6cc

Ethereum ETFs have seen more than $2.3 BILLION in inflows the last week, which is much more aggressive than Bitcoin ETFs in that time period!

Network activity is booming currently with nearly 1.87 MILLION transactions daily and increased NFT activity on the blockchain.

Total Value Locked (TVL) is $95 BILLION with ETH having more than 61% of the share!

But most importantly, I feel the upgrades have had an immense impact in the price action such as EIP-1559 that improved the efficiency of the network and brought in fee burning to decrease the inflationary pressures we saw.

Finbold models target Ethereum price range of $5,607 \~ $5,250 by August 31^(st)!

# Technical Analysis

MACD ‚Äì 5 green bars in a row, bullish crossing

RSI &gt;70 ‚Äì overbought and trending up

Volume ‚Äì new record for Ethereum ETF inflows ($1.5 BILLION within 2 days)

**Ascending Triangle** breakout and Golden Cross initiated.

BTC liquidity is moving to ETH, identified by increasing ETH/BTC ratio!

Breakout post resistance of previous ATH of $4,867.

Target price is $5,200 based on the Fibonacci extension.

Bullish catalysts include ETF inflows continuing, institutional and retail accumulation, and increase scaling and adoption!



**Price Range:¬†¬†¬†¬†¬† $4,200 ‚îÄ‚îÄ‚îÄ‚îÄ‚îÄ $4,700 ‚îÄ‚îÄ‚îÄ‚îÄ‚îÄ $4,868 ‚îÄ‚îÄ‚îÄ‚îÄ‚îÄ $5,200**

**Support Zones:¬†¬†¬† ‚Üë $3,887¬†¬†¬†¬† ‚Üë $4,232**

**Resistance Zones:¬†¬†¬†¬†¬†¬†¬†¬†¬†¬†¬†¬†¬†¬†¬† ‚Üë $4,868 (ATH)**

**Forecast Path:¬†¬†¬† ‚îÄ‚îÄ Consolidation ‚Üí Breakout ‚Üí Price Discovery**

¬†

***I am super bullish we will hit $5,200 and beyond easily with increases in futures activity and accumulation by both institutions and whales.***",22.0,3.0,reddit,,,1,2025-08-14 11:48:40.343145
2025-08-14 01:03:30.000000,r/cryptocurrency,Google Play Store has banned crypto wallets in US &amp; EU without federal banking licenses.,,59.0,23.0,reddit,,,0,2025-08-14 11:48:40.343145
2025-08-13 15:51:34.000000,r/cryptocurrency,Over $250 Million Ethereum Short Positions Liquidated in the past 24 hour,"Nearly 50% of all crypto liquidations were from traders shorting ETH

",295.0,35.0,reddit,,,0,2025-08-14 11:48:40.343145
2025-08-14 08:16:11.000000,r/cryptocurrency,Bitcoin rises to new record high as corporate interest expands,,13.0,2.0,reddit,,,1,2025-08-14 11:48:40.343145
2025-08-14 06:27:45.000000,r/cryptocurrency,Justin Sun sues Bloomberg over plan to publish confidential crypto holdings,,16.0,8.0,reddit,,,0,2025-08-14 11:48:40.343145
2025-08-14 08:38:58.000000,r/cryptocurrency,Crypto Casino CEO Charged After Allegedly Gambling Away Investors' Millions,,9.0,2.0,reddit,,,0,2025-08-14 11:48:40.343145
2025-08-13 21:57:36.000000,r/cryptocurrency,"My Co-Workers Are Using the Term ""Altcoins"" at Lunch","Yes, I'm tagging this as anecdotal.

I've been in crypto since the 2020 crash and subsequent market boom in 2021. Last time around, as crypto was heating up, there was a noted rise in public comment: an NFL player requesting his salary in bitcoin instead of dollars, bitcoin purchase stations being added to US gas stations, and even that goddamn SuperBowl commercial.

It was a time for trotting out a longtime crypto concept: everyone feels like a genius in the boom times.

Once bitcoin got mentioned on my dad's local news station, even he started talking about it, and how his (elderly) neighbors were all aware that it was a crazy scam.

The real sign of the times, though, was when my co-workers decided to start talking about bitcoin and their ""altcoin portfolios"" at lunch. Mind you: these are people who don't own stocks, laughed at me when I told them I used our company's 401-K matching offer, and let multiple people know that their ultimate retirement plan is to win a couple of big scratch-off lottery tickets. (You know, because if they buy a few every week for life, they're ""guaranteed"" to win a big one or two.)

Then the bubble burst and my co-workers all shut the hell up about crypto except for one who admitted their paper hands folding. (I suspect all of them traded at a loss instead of waiting 5 years for this run-up.)

Anyway, the circle is becoming complete again: my co-worker lunch table is talking loudly about DOGE and other altcoins and how they're going to get vacation homes soon.

You know the rest, cryptofam: if you've been DCAing since the 2021 crash, we're back into the public talking phase. Will the bigger fireworks go off? Bitcoin hitting 122k was a big damn firework, for sure, but will we see something more?",60.0,30.0,reddit,,,1,2025-08-14 11:48:40.343145
2025-08-13 19:08:19.000000,r/cryptocurrency,Record $37T US debt and M2 money growth set stage for $132K Bitcoin,,82.0,15.0,reddit,,,0,2025-08-14 11:48:40.343145
2025-08-14 06:51:30.000000,r/cryptocurrency,Peter Thiel-Backed Crypto Exchange Bullish Nearly Doubles in Debut,,6.0,2.0,reddit,,,1,2025-08-14 11:48:40.343145
2025-08-14 11:48:40.223645,Fear_Greed_Index,Market Fear & Greed: Greed (75),,,,market_indicator,75.0,Greed,-1,2025-08-14 11:48:40.343145
